::1,1614483155144,20:32:35 GMT-0700 (Mountain Standard Time)
::1,1614483204815,20:33:24 GMT-0700 (Mountain Standard Time)
::1,1614483211398,20:33:31 GMT-0700 (Mountain Standard Time)
::1,1614483268560,20:34:28 GMT-0700 (Mountain Standard Time)
::1,1614483278800,20:34:38 GMT-0700 (Mountain Standard Time)
::1,1614483308275,20:35:08 GMT-0700 (Mountain Standard Time)
::1,1614483326588,20:35:26 GMT-0700 (Mountain Standard Time)
::1,success,1614525514621,08:18:34 GMT-0700 (Mountain Standard Time)
::1,success,1614525550403,08:19:10 GMT-0700 (Mountain Standard Time)
::1,success,1614526148537,08:29:08 GMT-0700 (Mountain Standard Time)
::1,success,1614526359436,08:32:39 GMT-0700 (Mountain Standard Time)
::1,success,1614526420242,08:33:40 GMT-0700 (Mountain Standard Time)
::1,success,1614526482952,08:34:42 GMT-0700 (Mountain Standard Time)
::1,success,1614526504319,08:35:04 GMT-0700 (Mountain Standard Time)
::1,success,1614526510151,08:35:10 GMT-0700 (Mountain Standard Time)
::1,success,1614711496675,11:58:16 GMT-0700 (Mountain Standard Time)
::1,success,1614711572417,11:59:32 GMT-0700 (Mountain Standard Time)
::1,success,1614711592816,11:59:52 GMT-0700 (Mountain Standard Time)
::1,success,1614712025759,12:07:05 GMT-0700 (Mountain Standard Time)
::1,success,1614712091236,12:08:11 GMT-0700 (Mountain Standard Time)
::1,success,1614712280251,12:11:20 GMT-0700 (Mountain Standard Time)
::1,success,1614712344345,12:12:24 GMT-0700 (Mountain Standard Time)
::1,success,1614712582199,12:16:22 GMT-0700 (Mountain Standard Time)
::1,success,1614712666330,12:17:46 GMT-0700 (Mountain Standard Time)
::1,success,1614712681165,12:18:01 GMT-0700 (Mountain Standard Time)
::1,success,1614712771543,12:19:31 GMT-0700 (Mountain Standard Time)
::1,success,1614712822546,12:20:22 GMT-0700 (Mountain Standard Time)
::1,success,1614712852395,12:20:52 GMT-0700 (Mountain Standard Time)
::1,success,1614712927242,12:22:07 GMT-0700 (Mountain Standard Time)
::1,success,1614712934169,12:22:14 GMT-0700 (Mountain Standard Time)
